{"cameraMode":{"drawMode":0,"name":"Shaded","section":"Shading Mode"},"sceneLighting":false,"audioPlay":false,"sceneViewState":{"showFog":true,"showMaterialUpdate":false,"showSkybox":false,"showFlares":true,"showImageEffects":true,"showParticleSystems":true},"in2DMode":false,"pivot":{"x":8.351527214050293,"y":0.5117342472076416,"z":-0.9871883392333984},"rotation":{"x":0.06493446230888367,"y":0.23570409417152406,"z":-0.01589326560497284,"w":0.9695680737495422},"size":15.899557113647461,"orthographic":false}