{"cameraMode":{"drawMode":0,"name":"Shaded","section":"Shading Mode"},"sceneLighting":false,"audioPlay":false,"sceneViewState":{"showFog":true,"showMaterialUpdate":false,"showSkybox":false,"showFlares":true,"showImageEffects":true,"showParticleSystems":true},"in2DMode":false,"pivot":{"x":17.88498878479004,"y":-4.777454376220703,"z":0.7785431146621704},"rotation":{"x":0.21670275926589967,"y":-0.06990361958742142,"z":0.015651438385248185,"w":0.9736638069152832},"size":4.792056560516357,"orthographic":false}