{"cameraMode":{"drawMode":0,"name":"Shaded","section":"Shading Mode"},"sceneLighting":true,"audioPlay":false,"sceneViewState":{"showFog":true,"showMaterialUpdate":false,"showSkybox":true,"showFlares":true,"showImageEffects":true,"showParticleSystems":true},"in2DMode":false,"pivot":{"x":2.486069679260254,"y":-2.641977071762085,"z":0.45778846740722659},"rotation":{"x":0.24061639606952668,"y":-0.004954331088811159,"z":0.0012193918228149415,"w":0.9706254601478577},"size":14.793282508850098,"orthographic":false}