{"cameraMode":{"drawMode":0,"name":"Shaded","section":"Shading Mode"},"sceneLighting":false,"audioPlay":false,"sceneViewState":{"showFog":true,"showMaterialUpdate":false,"showSkybox":false,"showFlares":true,"showImageEffects":true,"showParticleSystems":true},"in2DMode":false,"pivot":{"x":1.7178690433502198,"y":-3.711406707763672,"z":0.6750917434692383},"rotation":{"x":0.19515451788902284,"y":0.028828393667936326,"z":-0.0057405573315918449,"w":0.9803408980369568},"size":15.888252258300782,"orthographic":false}