{"cameraMode":{"drawMode":0,"name":"Shaded","section":"Shading Mode"},"sceneLighting":false,"audioPlay":false,"sceneViewState":{"showFog":true,"showMaterialUpdate":false,"showSkybox":false,"showFlares":true,"showImageEffects":true,"showParticleSystems":true},"in2DMode":false,"pivot":{"x":16.67597007751465,"y":-5.4988112449646,"z":6.880615711212158},"rotation":{"x":0.24482102692127229,"y":-0.03751838579773903,"z":0.009324316866695881,"w":0.9688671231269836},"size":15.888252258300782,"orthographic":false}