{"cameraMode":{"drawMode":0,"name":"Shaded","section":"Shading Mode"},"sceneLighting":false,"audioPlay":false,"sceneViewState":{"showFog":true,"showMaterialUpdate":false,"showSkybox":false,"showFlares":true,"showImageEffects":true,"showParticleSystems":true},"in2DMode":false,"pivot":{"x":127.1667251586914,"y":-21.851266860961915,"z":-1.4442882537841797},"rotation":{"x":0.10528429597616196,"y":-0.0884602814912796,"z":0.009558374062180519,"w":0.9906045198440552},"size":32.369937896728519,"orthographic":false}