{"cameraMode":{"drawMode":0,"name":"Shaded","section":"Shading Mode"},"sceneLighting":false,"audioPlay":false,"sceneViewState":{"showFog":true,"showMaterialUpdate":false,"showSkybox":false,"showFlares":true,"showImageEffects":true,"showParticleSystems":true},"in2DMode":false,"pivot":{"x":23.287912368774415,"y":-6.935486793518066,"z":5.986941337585449},"rotation":{"x":0.26663991808891299,"y":0.027760664001107217,"z":-0.0077814944088459019,"w":0.9634448289871216},"size":15.888252258300782,"orthographic":false}