{"cameraMode":{"drawMode":0,"name":"Shaded","section":"Shading Mode"},"sceneLighting":false,"audioPlay":false,"sceneViewState":{"showFog":true,"showMaterialUpdate":false,"showSkybox":false,"showFlares":true,"showImageEffects":true,"showParticleSystems":true},"in2DMode":false,"pivot":{"x":6.543593883514404,"y":-5.250248432159424,"z":13.420971870422364},"rotation":{"x":0.10331788659095764,"y":-0.0074478210881352428,"z":0.0008249321836046875,"w":0.9946660399436951},"size":19.435773849487306,"orthographic":false}