{"cameraMode":{"drawMode":0,"name":"Shaded","section":"Shading Mode"},"sceneLighting":false,"audioPlay":false,"sceneViewState":{"showFog":true,"showMaterialUpdate":false,"showSkybox":false,"showFlares":true,"showImageEffects":true,"showParticleSystems":true},"in2DMode":false,"pivot":{"x":11.241851806640625,"y":-1.9761648178100587,"z":2.0938544273376467},"rotation":{"x":0.04941420629620552,"y":0.5184071660041809,"z":-0.030115921050310136,"w":0.8532261848449707},"size":16.11785125732422,"orthographic":false}