{"cameraMode":{"drawMode":0,"name":"Shaded","section":"Shading Mode"},"sceneLighting":false,"audioPlay":false,"sceneViewState":{"showFog":true,"showMaterialUpdate":false,"showSkybox":false,"showFlares":true,"showImageEffects":true,"showParticleSystems":true},"in2DMode":false,"pivot":{"x":13.451822280883789,"y":-9.046140670776368,"z":21.976518630981447},"rotation":{"x":0.13158316910266877,"y":0.0252867192029953,"z":-0.0033499356359243395,"w":0.9910320043563843},"size":28.649723052978517,"orthographic":false}