{"cameraMode":{"drawMode":0,"name":"Shaded","section":"Shading Mode"},"sceneLighting":false,"audioPlay":false,"sceneViewState":{"showFog":true,"showMaterialUpdate":false,"showSkybox":false,"showFlares":true,"showImageEffects":true,"showParticleSystems":true},"in2DMode":false,"pivot":{"x":4.030185222625732,"y":-9.028144836425782,"z":8.680644035339356},"rotation":{"x":0.21220684051513673,"y":0.31163927912712099,"z":-0.07169835269451142,"w":0.9234709143638611},"size":20.197240829467775,"orthographic":false}