{"cameraMode":{"drawMode":0,"name":"Shaded","section":"Shading Mode"},"sceneLighting":false,"audioPlay":false,"sceneViewState":{"showFog":true,"showMaterialUpdate":false,"showSkybox":false,"showFlares":true,"showImageEffects":true,"showParticleSystems":true},"in2DMode":false,"pivot":{"x":12.148371696472168,"y":-3.9749605655670168,"z":7.193528652191162},"rotation":{"x":0.19372865557670594,"y":-0.022049305960536004,"z":0.004423084668815136,"w":0.9808548092842102},"size":15.888252258300782,"orthographic":false}